chapter_title,chapter_file,section_title,knowledge_point,question_type
函数、极限、连续,ch01,第一节 函数,函数的概念及表示法；,
函数、极限、连续,ch01,第一节 函数,函数的有界性、单调性、周期性和奇偶性；,
函数、极限、连续,ch01,第一节 函数,复合函数、反函数、分段函数和隐函数；,
函数、极限、连续,ch01,第一节 函数,基本初等函数的性质及其图形；,
函数、极限、连续,ch01,第一节 函数,初等函数；,
函数、极限、连续,ch01,第一节 函数,函数关系的建立,
函数、极限、连续,ch01,第一节 函数,,复合函数解析式求解；
函数、极限、连续,ch01,第一节 函数,,函数奇偶性、周期性、有界性判定；
函数、极限、连续,ch01,第一节 函数,,分段函数定义域与值域求解；
函数、极限、连续,ch01,第一节 函数,,函数性质的综合应用；
函数、极限、连续,ch01,第一节 函数,,应用问题的函数关系建立；
函数、极限、连续,ch01,第一节 函数,,抽象函数的性质分析；
函数、极限、连续,ch01,第一节 函数,,函数图像的识别与绘制（结合初等函数性质）
函数、极限、连续,ch01,第二节 极限,数列极限与函数极限的定义及其性质；,
函数、极限、连续,ch01,第二节 极限,函数的左极限和右极限；,
函数、极限、连续,ch01,第二节 极限,无穷小量和无穷大量的概念及其关系；,
函数、极限、连续,ch01,第二节 极限,无穷小量的性质及无穷小量的比较；,
函数、极限、连续,ch01,第二节 极限,极限的四则运算；,
函数、极限、连续,ch01,第二节 极限,极限存在的两个准则（单调有界准则和夹逼准则）；,
函数、极限、连续,ch01,第二节 极限,两个重要极限：`limₓ→₀ sinx/x=1`、`limₓ→∞(1+1/x)ˣ=e`,
函数、极限、连续,ch01,第二节 极限,,极限的概念性问题（存在性判断、左右极限求解）；
函数、极限、连续,ch01,第二节 极限,,利用四则运算、重要极限求极限；
函数、极限、连续,ch01,第二节 极限,,利用夹逼准则、单调有界准则求极限；
函数、极限、连续,ch01,第二节 极限,,无穷小量阶的比较；
函数、极限、连续,ch01,第二节 极限,,极限式中参数的确定；
函数、极限、连续,ch01,第二节 极限,,无穷大量与无界变量的区分；
函数、极限、连续,ch01,第二节 极限,,含变限积分的极限计算；
函数、极限、连续,ch01,第二节 极限,,利用泰勒公式求极限；
函数、极限、连续,ch01,第二节 极限,,数列极限的转化（转化为函数极限求解）；
函数、极限、连续,ch01,第二节 极限,,含抽象函数的极限问题
函数、极限、连续,ch01,第三节 连续,函数连续的概念（含左连续与右连续）；,
函数、极限、连续,ch01,第三节 连续,函数间断点的类型；,
函数、极限、连续,ch01,第三节 连续,初等函数的连续性；,
函数、极限、连续,ch01,第三节 连续,闭区间上连续函数的性质（有界性、最大值和最小值定理、介值定理）,
函数、极限、连续,ch01,第三节 连续,,函数连续性的判定；
函数、极限、连续,ch01,第三节 连续,,函数间断点的识别与类型判断；
函数、极限、连续,ch01,第三节 连续,,闭区间上连续函数性质的应用；
函数、极限、连续,ch01,第三节 连续,,利用连续性求极限；
函数、极限、连续,ch01,第三节 连续,,分段函数连续性的讨论（含参数）；
函数、极限、连续,ch01,第三节 连续,,利用介值定理证明方程根的存在性
一元函数微分学,ch02,第一节 导数与微分的概念及运算,导数和微分的概念；,
一元函数微分学,ch02,第一节 导数与微分的概念及运算,导数的几何意义和物理意义；,
一元函数微分学,ch02,第一节 导数与微分的概念及运算,函数的可导性与连续性之间的关系；,
一元函数微分学,ch02,第一节 导数与微分的概念及运算,平面曲线的切线和法线；,
一元函数微分学,ch02,第一节 导数与微分的概念及运算,导数和微分的四则运算；,
一元函数微分学,ch02,第一节 导数与微分的概念及运算,基本初等函数的导数；,
一元函数微分学,ch02,第一节 导数与微分的概念及运算,复合函数、反函数、隐函数以及参数方程所确定的函数的微分法；,
一元函数微分学,ch02,第一节 导数与微分的概念及运算,高阶导数；,
一元函数微分学,ch02,第一节 导数与微分的概念及运算,一阶微分形式的不变性,
一元函数微分学,ch02,第一节 导数与微分的概念及运算,,导数的定义计算；
一元函数微分学,ch02,第一节 导数与微分的概念及运算,,平面曲线的切线方程与法线方程求解；
一元函数微分学,ch02,第一节 导数与微分的概念及运算,,复合函数、隐函数、参数方程求导（含高阶导数）；
一元函数微分学,ch02,第一节 导数与微分的概念及运算,,微分的计算；
一元函数微分学,ch02,第一节 导数与微分的概念及运算,,分段函数导数的求解；
一元函数微分学,ch02,第一节 导数与微分的概念及运算,,抽象函数的一阶及二阶导数计算；
一元函数微分学,ch02,第一节 导数与微分的概念及运算,,参数方程确定函数的高阶导数计算；
一元函数微分学,ch02,第一节 导数与微分的概念及运算,,隐函数存在性与可导性判断
一元函数微分学,ch02,第二节 微分中值定理与洛必达法则,罗尔（Rolle）定理；,
一元函数微分学,ch02,第二节 微分中值定理与洛必达法则,拉格朗日（Lagrange）中值定理；,
一元函数微分学,ch02,第二节 微分中值定理与洛必达法则,泰勒（Taylor）定理；,
一元函数微分学,ch02,第二节 微分中值定理与洛必达法则,柯西（Cauchy）中值定理；,
一元函数微分学,ch02,第二节 微分中值定理与洛必达法则,洛必达（L’Hospital）法则,
一元函数微分学,ch02,第二节 微分中值定理与洛必达法则,,利用罗尔定理证明等式；
一元函数微分学,ch02,第二节 微分中值定理与洛必达法则,,利用拉格朗日中值定理证明不等式或等式；
一元函数微分学,ch02,第二节 微分中值定理与洛必达法则,,泰勒公式的应用；
一元函数微分学,ch02,第二节 微分中值定理与洛必达法则,,洛必达法则求未定式极限；
一元函数微分学,ch02,第二节 微分中值定理与洛必达法则,,柯西中值定理的应用；
一元函数微分学,ch02,第二节 微分中值定理与洛必达法则,,含中值的等式证明（多中值问题）；
一元函数微分学,ch02,第二节 微分中值定理与洛必达法则,,泰勒公式在极限与不等式证明中的综合应用；
一元函数微分学,ch02,第二节 微分中值定理与洛必达法则,,利用中值定理证明函数单调性或有界性
一元函数微分学,ch02,第三节 导数的应用,函数单调性的判别；,
一元函数微分学,ch02,第三节 导数的应用,函数的极值；,
一元函数微分学,ch02,第三节 导数的应用,函数图形的凹凸性、拐点及渐近线；,
一元函数微分学,ch02,第三节 导数的应用,函数图形的描绘；,
一元函数微分学,ch02,第三节 导数的应用,函数的最大值与最小值；,
一元函数微分学,ch02,第三节 导数的应用,弧微分及曲率的概念；,
一元函数微分学,ch02,第三节 导数的应用,曲率圆与曲率半径,
一元函数微分学,ch02,第三节 导数的应用,,函数单调性的判断与应用；
一元函数微分学,ch02,第三节 导数的应用,,函数极值的求解与判定；
一元函数微分学,ch02,第三节 导数的应用,,函数图形的凹凸性、拐点判断；
一元函数微分学,ch02,第三节 导数的应用,,函数渐近线的求解；
一元函数微分学,ch02,第三节 导数的应用,,函数最大值与最小值的求解及应用；
一元函数微分学,ch02,第三节 导数的应用,,曲率与曲率半径的计算；
一元函数微分学,ch02,第三节 导数的应用,,函数图形的描绘；
一元函数微分学,ch02,第三节 导数的应用,,利用单调性证明不等式；
一元函数微分学,ch02,第三节 导数的应用,,极值点个数的判断；
一元函数微分学,ch02,第三节 导数的应用,,含参数函数的极值与最值讨论；
一元函数微分学,ch02,第三节 导数的应用,,拐点的性质应用及相关证明
一元函数积分学,ch03,第一节 不定积分与定积分的概念及性质,原函数和不定积分的概念；,
一元函数积分学,ch03,第一节 不定积分与定积分的概念及性质,不定积分的基本性质；,
一元函数积分学,ch03,第一节 不定积分与定积分的概念及性质,基本积分公式；,
一元函数积分学,ch03,第一节 不定积分与定积分的概念及性质,定积分的概念和基本性质；,
一元函数积分学,ch03,第一节 不定积分与定积分的概念及性质,定积分中值定理,
一元函数积分学,ch03,第一节 不定积分与定积分的概念及性质,,原函数存在性判断；
一元函数积分学,ch03,第一节 不定积分与定积分的概念及性质,,不定积分的基本计算；
一元函数积分学,ch03,第一节 不定积分与定积分的概念及性质,,定积分的概念应用；
一元函数积分学,ch03,第一节 不定积分与定积分的概念及性质,,定积分性质的应用；
一元函数积分学,ch03,第一节 不定积分与定积分的概念及性质,,定积分中值定理的应用；
一元函数积分学,ch03,第一节 不定积分与定积分的概念及性质,,利用定积分性质比较积分大小；
一元函数积分学,ch03,第一节 不定积分与定积分的概念及性质,,原函数的构造与判断；
一元函数积分学,ch03,第一节 不定积分与定积分的概念及性质,,含抽象函数的定积分性质应用
一元函数积分学,ch03,第二节 积分的计算方法,积分上限的函数及其导数；,
一元函数积分学,ch03,第二节 积分的计算方法,牛顿-莱布尼茨（Newton-Leibniz）公式；,
一元函数积分学,ch03,第二节 积分的计算方法,不定积分和定积分的换元积分法与分部积分法；,
一元函数积分学,ch03,第二节 积分的计算方法,有理函数、三角函数的有理式和简单无理函数的积分,
一元函数积分学,ch03,第二节 积分的计算方法,,积分上限函数的导数计算；
一元函数积分学,ch03,第二节 积分的计算方法,,牛顿-莱布尼茨公式的应用；
一元函数积分学,ch03,第二节 积分的计算方法,,换元积分法与分部积分法计算积分；
一元函数积分学,ch03,第二节 积分的计算方法,,有理函数积分；
一元函数积分学,ch03,第二节 积分的计算方法,,三角函数有理式积分；
一元函数积分学,ch03,第二节 积分的计算方法,,简单无理函数积分；
一元函数积分学,ch03,第二节 积分的计算方法,,含变限积分的方程求解；
一元函数积分学,ch03,第二节 积分的计算方法,,分部积分法的综合应用（多次分部、递推公式）；
一元函数积分学,ch03,第二节 积分的计算方法,,利用对称性简化定积分计算；
一元函数积分学,ch03,第二节 积分的计算方法,,含绝对值、分段函数的定积分计算
一元函数积分学,ch03,第三节 反常积分与定积分的应用,反常（广义）积分；,
一元函数积分学,ch03,第三节 反常积分与定积分的应用,反常积分收敛的比较判别法；,
一元函数积分学,ch03,第三节 反常积分与定积分的应用,定积分的应用（平面图形的面积、平面曲线的弧长、旋转体的体积及侧面积、平行截面面积为已知的立体体积、功、引力、压力、质心、形心等）；,
一元函数积分学,ch03,第三节 反常积分与定积分的应用,函数的平均值,
一元函数积分学,ch03,第三节 反常积分与定积分的应用,,反常积分的计算与收敛性判断；
一元函数积分学,ch03,第三节 反常积分与定积分的应用,,平面图形面积的计算；
一元函数积分学,ch03,第三节 反常积分与定积分的应用,,平面曲线弧长的计算；
一元函数积分学,ch03,第三节 反常积分与定积分的应用,,旋转体体积与侧面积的计算；
一元函数积分学,ch03,第三节 反常积分与定积分的应用,,平行截面面积为已知的立体体积计算；
一元函数积分学,ch03,第三节 反常积分与定积分的应用,,定积分在物理中的应用；
一元函数积分学,ch03,第三节 反常积分与定积分的应用,,函数平均值的计算；
一元函数积分学,ch03,第三节 反常积分与定积分的应用,,反常积分敛散性的比较判别法应用；
一元函数积分学,ch03,第三节 反常积分与定积分的应用,,旋转体体积的综合计算（含挖去部分、组合旋转体）；
一元函数积分学,ch03,第三节 反常积分与定积分的应用,,定积分在几何中的综合应用（面积与体积结合）；
一元函数积分学,ch03,第三节 反常积分与定积分的应用,,物理应用中的变力做功、压力计算的综合问题
向量代数和空间解析几何,ch04,第一节 向量代数,向量的概念；,
向量代数和空间解析几何,ch04,第一节 向量代数,向量的线性运算；,
向量代数和空间解析几何,ch04,第一节 向量代数,向量的数量积和向量积；,
向量代数和空间解析几何,ch04,第一节 向量代数,向量的混合积；,
向量代数和空间解析几何,ch04,第一节 向量代数,两向量垂直及平行的条件；,
向量代数和空间解析几何,ch04,第一节 向量代数,两向量的夹角；,
向量代数和空间解析几何,ch04,第一节 向量代数,向量的坐标表达式及其运算；,
向量代数和空间解析几何,ch04,第一节 向量代数,单位向量；,
向量代数和空间解析几何,ch04,第一节 向量代数,方向数与方向余弦,
向量代数和空间解析几何,ch04,第一节 向量代数,,向量的线性运算、数量积、向量积、混合积计算；
向量代数和空间解析几何,ch04,第一节 向量代数,,两向量平行、垂直条件的应用；
向量代数和空间解析几何,ch04,第一节 向量代数,,向量夹角的计算；
向量代数和空间解析几何,ch04,第一节 向量代数,,单位向量、方向数与方向余弦的求解；
向量代数和空间解析几何,ch04,第一节 向量代数,,利用混合积判断三向量共面；
向量代数和空间解析几何,ch04,第一节 向量代数,,向量积的几何意义应用（求平行四边形面积）；
向量代数和空间解析几何,ch04,第一节 向量代数,,空间点到直线的距离计算（利用向量积）
向量代数和空间解析几何,ch04,第二节 空间解析几何,曲面方程和空间曲线方程的概念；,
向量代数和空间解析几何,ch04,第二节 空间解析几何,平面方程；,
向量代数和空间解析几何,ch04,第二节 空间解析几何,直线方程；,
向量代数和空间解析几何,ch04,第二节 空间解析几何,平面与平面及平面与直线及直线与直线的夹角以及平行和垂直的条件；,
向量代数和空间解析几何,ch04,第二节 空间解析几何,点到平面和点到直线的距离；,
向量代数和空间解析几何,ch04,第二节 空间解析几何,球面、柱面、旋转曲面；,
向量代数和空间解析几何,ch04,第二节 空间解析几何,常用的二次曲面方程及其图形；,
向量代数和空间解析几何,ch04,第二节 空间解析几何,空间曲线的参数方程和一般方程；,
向量代数和空间解析几何,ch04,第二节 空间解析几何,空间曲线在坐标面上的投影曲线方程,
向量代数和空间解析几何,ch04,第二节 空间解析几何,,平面方程的求解；
向量代数和空间解析几何,ch04,第二节 空间解析几何,,直线方程的求解；
向量代数和空间解析几何,ch04,第二节 空间解析几何,,平面与平面、直线与直线、平面与直线的平行、垂直判定及夹角计算；
向量代数和空间解析几何,ch04,第二节 空间解析几何,,点到平面、点到直线距离的计算；
向量代数和空间解析几何,ch04,第二节 空间解析几何,,球面、柱面、旋转曲面方程的求解；
向量代数和空间解析几何,ch04,第二节 空间解析几何,,二次曲面图形的识别；
向量代数和空间解析几何,ch04,第二节 空间解析几何,,空间曲线在坐标面上的投影曲线方程求解；
向量代数和空间解析几何,ch04,第二节 空间解析几何,,平面与直线的交点计算；
向量代数和空间解析几何,ch04,第二节 空间解析几何,,旋转曲面的生成与方程推导；
向量代数和空间解析几何,ch04,第二节 空间解析几何,,空间曲线的参数方程转化与应用；
向量代数和空间解析几何,ch04,第二节 空间解析几何,,二次曲面的切平面方程求解
多元函数微分学,ch05,第一节 多元函数的概念与极限连续,多元函数的概念；,
多元函数微分学,ch05,第一节 多元函数的概念与极限连续,二元函数的几何意义；,
多元函数微分学,ch05,第一节 多元函数的概念与极限连续,二元函数的极限与连续的概念；,
多元函数微分学,ch05,第一节 多元函数的概念与极限连续,有界闭区域上多元连续函数的性质,
多元函数微分学,ch05,第一节 多元函数的概念与极限连续,,二元函数的定义域求解；
多元函数微分学,ch05,第一节 多元函数的概念与极限连续,,二元函数极限的存在性判断与计算；
多元函数微分学,ch05,第一节 多元函数的概念与极限连续,,多元函数连续性的判断；
多元函数微分学,ch05,第一节 多元函数的概念与极限连续,,有界闭区域上多元连续函数性质的应用；
多元函数微分学,ch05,第一节 多元函数的概念与极限连续,,二元函数极限不存在的证明；
多元函数微分学,ch05,第一节 多元函数的概念与极限连续,,含参数多元函数的连续性讨论；
多元函数微分学,ch05,第一节 多元函数的概念与极限连续,,利用多元连续函数性质证明方程根的存在性
多元函数微分学,ch05,第二节 偏导数与全微分,多元函数的偏导数；,
多元函数微分学,ch05,第二节 偏导数与全微分,全微分；,
多元函数微分学,ch05,第二节 偏导数与全微分,全微分存在的必要条件和充分条件；,
多元函数微分学,ch05,第二节 偏导数与全微分,多元复合函数、隐函数的求导法则；,
多元函数微分学,ch05,第二节 偏导数与全微分,二阶偏导数；,
多元函数微分学,ch05,第二节 偏导数与全微分,方向导数与梯度；,
多元函数微分学,ch05,第二节 偏导数与全微分,空间曲线的切线和法平面；,
多元函数微分学,ch05,第二节 偏导数与全微分,曲面的切平面和法线；,
多元函数微分学,ch05,第二节 偏导数与全微分,二元函数的二阶泰勒公式,
多元函数微分学,ch05,第二节 偏导数与全微分,,偏导数（一阶、二阶）的计算；
多元函数微分学,ch05,第二节 偏导数与全微分,,全微分的计算与全微分存在性判断；
多元函数微分学,ch05,第二节 偏导数与全微分,,多元复合函数求导（含抽象函数）；
多元函数微分学,ch05,第二节 偏导数与全微分,,隐函数求导（方程和方程组确定的隐函数）；
多元函数微分学,ch05,第二节 偏导数与全微分,,方向导数与梯度的计算；
多元函数微分学,ch05,第二节 偏导数与全微分,,空间曲线的切线和法平面方程求解；
多元函数微分学,ch05,第二节 偏导数与全微分,,曲面的切平面和法线方程求解；
多元函数微分学,ch05,第二节 偏导数与全微分,,抽象复合函数的高阶偏导数计算；
多元函数微分学,ch05,第二节 偏导数与全微分,,隐函数组的偏导数计算；
多元函数微分学,ch05,第二节 偏导数与全微分,,梯度的几何意义应用（求函数增长最快方向）；
多元函数微分学,ch05,第二节 偏导数与全微分,,全微分在近似计算中的应用；
多元函数微分学,ch05,第二节 偏导数与全微分,,含参数的多元函数偏导数讨论；
多元函数微分学,ch05,第二节 偏导数与全微分,,二元函数二阶泰勒公式的应用
多元函数微分学,ch05,第三节 多元函数的极值与最值,多元函数的极值；,
多元函数微分学,ch05,第三节 多元函数的极值与最值,多元函数的最大值与最小值；,
多元函数微分学,ch05,第三节 多元函数的极值与最值,条件极值与拉格朗日乘数法,
多元函数微分学,ch05,第三节 多元函数的极值与最值,,多元函数极值的判定与求解；
多元函数微分学,ch05,第三节 多元函数的极值与最值,,多元函数在有界闭区域上的最大值与最小值求解；
多元函数微分学,ch05,第三节 多元函数的极值与最值,,条件极值的求解（拉格朗日乘数法）；
多元函数微分学,ch05,第三节 多元函数的极值与最值,,多元函数极值的应用；
多元函数微分学,ch05,第三节 多元函数的极值与最值,,含参数多元函数的极值讨论；
多元函数微分学,ch05,第三节 多元函数的极值与最值,,利用极值证明不等式；
多元函数微分学,ch05,第三节 多元函数的极值与最值,,多约束条件下的条件极值求解；
多元函数微分学,ch05,第三节 多元函数的极值与最值,,极值点的充分条件与必要条件综合应用
多元函数积分学,ch06,第一节 二重积分,二重积分的概念与性质；,
多元函数积分学,ch06,第一节 二重积分,二重积分的计算（直角坐标、极坐标）；,
多元函数积分学,ch06,第一节 二重积分,二重积分的应用（平面图形的面积、体积、质量、质心、形心等）；,
多元函数积分学,ch06,第一节 二重积分,利用二重积分计算旋转体体积（绕坐标轴、绕任意直线）,
多元函数积分学,ch06,第一节 二重积分,,二重积分的性质应用；
多元函数积分学,ch06,第一节 二重积分,,直角坐标下二重积分的计算；
多元函数积分学,ch06,第一节 二重积分,,极坐标下二重积分的计算；
多元函数积分学,ch06,第一节 二重积分,,二重积分的对称性应用；
多元函数积分学,ch06,第一节 二重积分,,二重积分的应用；
多元函数积分学,ch06,第一节 二重积分,,二重积分的交换积分次序；
多元函数积分学,ch06,第一节 二重积分,,含绝对值、分段函数的二重积分计算；
多元函数积分学,ch06,第一节 二重积分,,利用二重积分证明不等式；
多元函数积分学,ch06,第一节 二重积分,,二重积分的近似计算思想应用；
多元函数积分学,ch06,第一节 二重积分,,有界区域面积的二重积分计算（含不规则区域）；
多元函数积分学,ch06,第一节 二重积分,,利用二重积分计算旋转体体积的综合问题
多元函数积分学,ch06,第二节 三重积分,三重积分的概念与性质；,
多元函数积分学,ch06,第二节 三重积分,三重积分的计算（直角坐标、柱坐标、球坐标）；,
多元函数积分学,ch06,第二节 三重积分,三重积分的概念与性质；,
多元函数积分学,ch06,第二节 三重积分,三重积分的计算（直角坐标、柱坐标、球坐标）；,
多元函数积分学,ch06,第二节 三重积分,三重积分的应用（体积、质量、质心、形心等）；,
多元函数积分学,ch06,第二节 三重积分,利用三重积分计算物体的转动惯量、引力,
多元函数积分学,ch06,第二节 三重积分,,三重积分的计算（直角坐标、柱坐标、球坐标）；
多元函数积分学,ch06,第二节 三重积分,,三重积分的对称性应用；
多元函数积分学,ch06,第二节 三重积分,,三重积分的应用；
多元函数积分学,ch06,第二节 三重积分,,三重积分的交换积分次序；
多元函数积分学,ch06,第二节 三重积分,,含抽象函数的三重积分计算；
多元函数积分学,ch06,第二节 三重积分,,利用三重积分求物体的转动惯量；
多元函数积分学,ch06,第二节 三重积分,,不规则空间区域的三重积分计算（分割区域）；
多元函数积分学,ch06,第二节 三重积分,,利用三重积分求解引力相关问题
多元函数积分学,ch06,第三节 曲线积分,对弧长的曲线积分的概念与性质；,
多元函数积分学,ch06,第三节 曲线积分,对弧长的曲线积分的计算；,
多元函数积分学,ch06,第三节 曲线积分,对坐标的曲线积分的概念与性质；,
多元函数积分学,ch06,第三节 曲线积分,对坐标的曲线积分的计算；,
多元函数积分学,ch06,第三节 曲线积分,格林（Green）公式；,
多元函数积分学,ch06,第三节 曲线积分,平面曲线积分与路径无关的条件；,
多元函数积分学,ch06,第三节 曲线积分,二元函数的全微分求积,
多元函数积分学,ch06,第三节 曲线积分,,对弧长的曲线积分计算；
多元函数积分学,ch06,第三节 曲线积分,,对坐标的曲线积分计算；
多元函数积分学,ch06,第三节 曲线积分,,格林公式的应用；
多元函数积分学,ch06,第三节 曲线积分,,平面曲线积分与路径无关的判断与应用；
多元函数积分学,ch06,第三节 曲线积分,,二元函数的全微分求积；
多元函数积分学,ch06,第三节 曲线积分,,格林公式在非单连通区域的应用；
多元函数积分学,ch06,第三节 曲线积分,,对弧长曲线积分的对称性应用；
多元函数积分学,ch06,第三节 曲线积分,,含奇点的曲线积分计算（挖去奇点法）；
多元函数积分学,ch06,第三节 曲线积分,,曲线积分的物理应用（变力沿曲线做功）；
多元函数积分学,ch06,第三节 曲线积分,,全微分方程的求解
多元函数积分学,ch06,第四节 曲面积分,对面积的曲面积分的概念与性质；,
多元函数积分学,ch06,第四节 曲面积分,对面积的曲面积分的计算；,
多元函数积分学,ch06,第四节 曲面积分,对坐标的曲面积分的概念与性质；,
多元函数积分学,ch06,第四节 曲面积分,对坐标的曲面积分的计算；,
多元函数积分学,ch06,第四节 曲面积分,高斯（Gauss）公式；,
多元函数积分学,ch06,第四节 曲面积分,斯托克斯（Stokes）公式；,
多元函数积分学,ch06,第四节 曲面积分,散度与旋度的概念及计算；,
多元函数积分学,ch06,第四节 曲面积分,通量与环流量的概念及计算,
多元函数积分学,ch06,第四节 曲面积分,,对面积的曲面积分计算；
多元函数积分学,ch06,第四节 曲面积分,,对坐标的曲面积分计算；
多元函数积分学,ch06,第四节 曲面积分,,高斯公式的应用；
多元函数积分学,ch06,第四节 曲面积分,,斯托克斯公式的应用；
多元函数积分学,ch06,第四节 曲面积分,,散度与旋度的计算；
多元函数积分学,ch06,第四节 曲面积分,,高斯公式在非闭合曲面的应用（补面法）；
多元函数积分学,ch06,第四节 曲面积分,,对面积曲面积分的对称性应用；
多元函数积分学,ch06,第四节 曲面积分,,含奇点的曲面积分计算；
多元函数积分学,ch06,第四节 曲面积分,,散度与旋度的物理意义应用；
多元函数积分学,ch06,第四节 曲面积分,,斯托克斯公式与曲线积分的综合应用；
多元函数积分学,ch06,第四节 曲面积分,,通量与环流量的计算
无穷级数,ch07,第一节 常数项级数的概念与性质,常数项级数的概念；,
无穷级数,ch07,第一节 常数项级数的概念与性质,级数的收敛与发散的定义；,
无穷级数,ch07,第一节 常数项级数的概念与性质,级数的基本性质；,
无穷级数,ch07,第一节 常数项级数的概念与性质,级数收敛的必要条件,
无穷级数,ch07,第一节 常数项级数的概念与性质,,常数项级数收敛性的判断；
无穷级数,ch07,第一节 常数项级数的概念与性质,,利用级数性质判断收敛性；
无穷级数,ch07,第一节 常数项级数的概念与性质,,级数收敛必要条件的应用；
无穷级数,ch07,第一节 常数项级数的概念与性质,,利用级数收敛性判断数列极限；
无穷级数,ch07,第一节 常数项级数的概念与性质,,含参数级数的收敛性讨论；
无穷级数,ch07,第一节 常数项级数的概念与性质,,级数敛散性的反例构造
无穷级数,ch07,第二节 常数项级数的审敛法,正项级数的审敛法（比较审敛法、比值审敛法、根值审敛法）；,
无穷级数,ch07,第二节 常数项级数的审敛法,交错级数的审敛法（莱布尼茨判别法）；,
无穷级数,ch07,第二节 常数项级数的审敛法,绝对收敛与条件收敛的概念及判断,
无穷级数,ch07,第二节 常数项级数的审敛法,,正项级数的审敛；
无穷级数,ch07,第二节 常数项级数的审敛法,,交错级数的审敛（莱布尼茨判别法）；
无穷级数,ch07,第二节 常数项级数的审敛法,,绝对收敛与条件收敛的判断；
无穷级数,ch07,第二节 常数项级数的审敛法,,正项级数审敛法的综合应用（比较与比值结合）；
无穷级数,ch07,第二节 常数项级数的审敛法,,交错级数余项的估计；
无穷级数,ch07,第二节 常数项级数的审敛法,,任意项级数的敛散性判断；
无穷级数,ch07,第二节 常数项级数的审敛法,,含参数级数的绝对收敛与条件收敛判断
无穷级数,ch07,第三节 幂级数,幂级数的概念；,
无穷级数,ch07,第三节 幂级数,幂级数的收敛半径、收敛区间和收敛域；,
无穷级数,ch07,第三节 幂级数,幂级数的和函数；,
无穷级数,ch07,第三节 幂级数,幂级数在收敛区间内的基本性质；,
无穷级数,ch07,第三节 幂级数,函数的幂级数展开式；,
无穷级数,ch07,第三节 幂级数,幂级数的四则运算与复合运算,
无穷级数,ch07,第三节 幂级数,,幂级数收敛半径、收敛区间、收敛域的求解；
无穷级数,ch07,第三节 幂级数,,幂级数和函数的求解；
无穷级数,ch07,第三节 幂级数,,函数的幂级数展开；
无穷级数,ch07,第三节 幂级数,,幂级数在收敛域内的逐项求导与逐项积分应用；
无穷级数,ch07,第三节 幂级数,,含参数幂级数的收敛域求解；
无穷级数,ch07,第三节 幂级数,,利用幂级数和函数求解常数项级数的和；
无穷级数,ch07,第三节 幂级数,,函数的幂级数展开在近似计算中的应用；
无穷级数,ch07,第三节 幂级数,,幂级数的四则运算应用；
无穷级数,ch07,第三节 幂级数,,幂级数复合运算的收敛域求解
无穷级数,ch07,第四节 傅里叶级数,傅里叶级数的概念；,
无穷级数,ch07,第四节 傅里叶级数,狄利克雷（Dirichlet）收敛定理；,
无穷级数,ch07,第四节 傅里叶级数,"函数在[-l, l]上的傅里叶级数；",
无穷级数,ch07,第四节 傅里叶级数,"函数在[0, l]上的正弦级数和余弦级数",
无穷级数,ch07,第四节 傅里叶级数,,傅里叶系数的计算；
无穷级数,ch07,第四节 傅里叶级数,,傅里叶级数的收敛性判断（狄利克雷定理应用）；
无穷级数,ch07,第四节 傅里叶级数,,函数的傅里叶级数展开（正弦级数、余弦级数）；
无穷级数,ch07,第四节 傅里叶级数,,利用傅里叶级数求常数项级数的和；
无穷级数,ch07,第四节 傅里叶级数,,非周期函数的周期延拓与傅里叶展开；
无穷级数,ch07,第四节 傅里叶级数,,傅里叶级数在特定点的收敛值计算
行列式,ch08,第一节 行列式的概念与性质,行列式的概念；,
行列式,ch08,第一节 行列式的概念与性质,行列式的性质；,
行列式,ch08,第一节 行列式的概念与性质,行列式按行（列）展开定理,
行列式,ch08,第一节 行列式的概念与性质,,行列式的计算；
行列式,ch08,第一节 行列式的概念与性质,,利用行列式性质简化计算；
行列式,ch08,第一节 行列式的概念与性质,,高阶行列式的计算；
行列式,ch08,第一节 行列式的概念与性质,,行列式按行（列）展开定理的应用；
行列式,ch08,第一节 行列式的概念与性质,,爪型行列式的计算；
行列式,ch08,第一节 行列式的概念与性质,,范德蒙行列式的应用；
行列式,ch08,第一节 行列式的概念与性质,,含参数行列式的计算与讨论；
行列式,ch08,第一节 行列式的概念与性质,,分块矩阵行列式的计算；
行列式,ch08,第一节 行列式的概念与性质,,利用行列式证明等式或不等式
行列式,ch08,第二节 行列式的应用,克莱姆（Cramer）法则；,
行列式,ch08,第二节 行列式的应用,矩阵可逆的充要条件（行列式不为零）；,
行列式,ch08,第二节 行列式的应用,伴随矩阵的性质,
行列式,ch08,第二节 行列式的应用,,克莱姆法则求解线性方程组；
行列式,ch08,第二节 行列式的应用,,利用行列式判断矩阵可逆性；
行列式,ch08,第二节 行列式的应用,,伴随矩阵相关计算；
行列式,ch08,第二节 行列式的应用,,克莱姆法则在含参数方程组中的应用；
行列式,ch08,第二节 行列式的应用,,伴随矩阵与行列式的关系应用；
行列式,ch08,第二节 行列式的应用,,利用行列式判断矩阵的秩；
行列式,ch08,第二节 行列式的应用,,行列式在矩阵可逆性证明中的应用
矩阵,ch09,第一节 矩阵的概念与运算,矩阵的概念；,
矩阵,ch09,第一节 矩阵的概念与运算,矩阵的线性运算（加法、数乘）；,
矩阵,ch09,第一节 矩阵的概念与运算,矩阵的乘法；,
矩阵,ch09,第一节 矩阵的概念与运算,矩阵的转置；,
矩阵,ch09,第一节 矩阵的概念与运算,方阵的幂；,
矩阵,ch09,第一节 矩阵的概念与运算,方阵的行列式,
矩阵,ch09,第一节 矩阵的概念与运算,,矩阵的线性运算与乘法运算；
矩阵,ch09,第一节 矩阵的概念与运算,,矩阵转置的性质应用；
矩阵,ch09,第一节 矩阵的概念与运算,,方阵幂的计算；
矩阵,ch09,第一节 矩阵的概念与运算,,方阵行列式的计算；
矩阵,ch09,第一节 矩阵的概念与运算,,矩阵乘法的特殊性应用（不交换性）；
矩阵,ch09,第一节 矩阵的概念与运算,,分块矩阵的运算；
矩阵,ch09,第一节 矩阵的概念与运算,,方阵幂的递推公式求解；
矩阵,ch09,第一节 矩阵的概念与运算,,伴随矩阵的运算性质应用；
矩阵,ch09,第一节 矩阵的概念与运算,,含参数矩阵的运算与讨论
矩阵,ch09,第二节 逆矩阵,逆矩阵的概念；,
矩阵,ch09,第二节 逆矩阵,逆矩阵的性质；,
矩阵,ch09,第二节 逆矩阵,逆矩阵的求法（伴随矩阵法、初等行变换法）；,
矩阵,ch09,第二节 逆矩阵,分块矩阵的逆矩阵,
矩阵,ch09,第二节 逆矩阵,,逆矩阵的存在性判断；
矩阵,ch09,第二节 逆矩阵,,逆矩阵的计算（伴随矩阵法、初等行变换法）；
矩阵,ch09,第二节 逆矩阵,,逆矩阵性质的应用；
矩阵,ch09,第二节 逆矩阵,,分块矩阵逆矩阵的求解；
矩阵,ch09,第二节 逆矩阵,,利用逆矩阵求解矩阵方程；
矩阵,ch09,第二节 逆矩阵,,逆矩阵与伴随矩阵的关系应用；
矩阵,ch09,第二节 逆矩阵,,含参数矩阵的可逆性讨论；
矩阵,ch09,第二节 逆矩阵,,逆矩阵的证明题（如证明AB可逆则A、B可逆）
矩阵,ch09,第三节 初等变换与初等矩阵,矩阵的初等变换；,
矩阵,ch09,第三节 初等变换与初等矩阵,初等矩阵的概念与性质；,
矩阵,ch09,第三节 初等变换与初等矩阵,矩阵的秩；,
矩阵,ch09,第三节 初等变换与初等矩阵,矩阵的初等变换；,
矩阵,ch09,第三节 初等变换与初等矩阵,初等矩阵的概念与性质；,
矩阵,ch09,第三节 初等变换与初等矩阵,矩阵的秩；,
矩阵,ch09,第三节 初等变换与初等矩阵,等价矩阵；,
矩阵,ch09,第三节 初等变换与初等矩阵,矩阵的秩与初等变换的关系,
矩阵,ch09,第三节 初等变换与初等矩阵,,矩阵的初等变换；
矩阵,ch09,第三节 初等变换与初等矩阵,,初等矩阵与初等变换的关系；
矩阵,ch09,第三节 初等变换与初等矩阵,,矩阵秩的计算与判断；
矩阵,ch09,第三节 初等变换与初等矩阵,,等价矩阵的判断与应用；
矩阵,ch09,第三节 初等变换与初等矩阵,,利用初等变换求逆矩阵或解矩阵方程；
矩阵,ch09,第三节 初等变换与初等矩阵,,初等矩阵的乘积运算；
矩阵,ch09,第三节 初等变换与初等矩阵,,矩阵秩的不等式应用；
矩阵,ch09,第三节 初等变换与初等矩阵,,含参数矩阵的秩的讨论；
矩阵,ch09,第三节 初等变换与初等矩阵,,等价标准形的应用；
矩阵,ch09,第三节 初等变换与初等矩阵,,矩阵秩与初等变换关系的综合应用
向量,ch10,第一节 向量的概念与线性运算,向量的概念；,
向量,ch10,第一节 向量的概念与线性运算,向量的线性运算；,
向量,ch10,第一节 向量的概念与线性运算,向量的线性组合与线性表示,
向量,ch10,第一节 向量的概念与线性运算,,向量的线性运算；
向量,ch10,第一节 向量的概念与线性运算,,向量的线性组合与线性表示判断；
向量,ch10,第一节 向量的概念与线性运算,,求解线性表示的系数；
向量,ch10,第一节 向量的概念与线性运算,,向量组的线性表示与矩阵秩的关系应用；
向量,ch10,第一节 向量的概念与线性运算,,含参数向量的线性表示讨论；
向量,ch10,第一节 向量的概念与线性运算,,多个向量线性表示的综合问题；
向量,ch10,第一节 向量的概念与线性运算,,向量线性表示的证明题
向量,ch10,第二节 向量组的线性相关性,向量组线性相关与线性无关的概念；,
向量,ch10,第二节 向量组的线性相关性,线性相关性的判定定理；,
向量,ch10,第二节 向量组的线性相关性,向量组的秩与极大线性无关组,
向量,ch10,第二节 向量组的线性相关性,,向量组线性相关性的判断；
向量,ch10,第二节 向量组的线性相关性,,向量组秩的计算与极大线性无关组的求解；
向量,ch10,第二节 向量组的线性相关性,,线性相关性判定定理的应用；
向量,ch10,第二节 向量组的线性相关性,,含参数向量组的线性相关性讨论；
向量,ch10,第二节 向量组的线性相关性,,向量组秩的不等式应用；
向量,ch10,第二节 向量组的线性相关性,,极大线性无关组的扩充与应用；
向量,ch10,第二节 向量组的线性相关性,,线性相关性的证明题（如证明线性无关向量组的变形仍无关）；
向量,ch10,第二节 向量组的线性相关性,,向量组等价与秩的关系应用
向量,ch10,第三节 向量空间,向量空间的概念；,
向量,ch10,第三节 向量空间,基、维数与坐标；,
向量,ch10,第三节 向量空间,基变换与坐标变换；,
向量,ch10,第三节 向量空间,规范正交基；,
向量,ch10,第三节 向量空间,向量的内积与正交性,
向量,ch10,第三节 向量空间,,向量空间基与维数的求解；
向量,ch10,第三节 向量空间,,向量在基下的坐标计算；
向量,ch10,第三节 向量空间,,基变换与坐标变换；
向量,ch10,第三节 向量空间,,规范正交基的构造（施密特正交化）；
向量,ch10,第三节 向量空间,,过渡矩阵的计算与应用；
向量,ch10,第三节 向量空间,,子空间的基与维数求解；
向量,ch10,第三节 向量空间,,施密特正交化的综合应用；
向量,ch10,第三节 向量空间,,向量空间同构的判断；
向量,ch10,第三节 向量空间,,向量内积的计算与正交性判断
线性方程组,ch11,第一节 线性方程组的基本概念,线性方程组的表示形式（矩阵形式、向量形式）；,
线性方程组,ch11,第一节 线性方程组的基本概念,线性方程组解的概念,
线性方程组,ch11,第一节 线性方程组的基本概念,,线性方程组的矩阵形式与向量形式转化；
线性方程组,ch11,第一节 线性方程组的基本概念,,线性方程组解的验证；
线性方程组,ch11,第一节 线性方程组的基本概念,,线性方程组与向量组线性表示的关系应用；
线性方程组,ch11,第一节 线性方程组的基本概念,,含参数线性方程组的表示形式转化；
线性方程组,ch11,第一节 线性方程组的基本概念,,齐次与非齐次线性方程组的表示形式关联
线性方程组,ch11,第二节 线性方程组的解的判定,齐次线性方程组有非零解的充要条件；,
线性方程组,ch11,第二节 线性方程组的解的判定,非齐次线性方程组有解的充要条件；,
线性方程组,ch11,第二节 线性方程组的解的判定,解的结构（基础解系、通解）,
线性方程组,ch11,第二节 线性方程组的解的判定,,齐次线性方程组有非零解的判断与基础解系求解；
线性方程组,ch11,第二节 线性方程组的解的判定,,非齐次线性方程组有解的判断与通解求解；
线性方程组,ch11,第二节 线性方程组的解的判定,,线性方程组解的存在性与向量组线性相关性的关系；
线性方程组,ch11,第二节 线性方程组的解的判定,,含参数线性方程组解的存在性讨论；
线性方程组,ch11,第二节 线性方程组的解的判定,,基础解系的性质应用（如证明基础解系线性无关）；
线性方程组,ch11,第二节 线性方程组的解的判定,,非齐次线性方程组解的结构应用（通解的构造）；
线性方程组,ch11,第二节 线性方程组的解的判定,,两个线性方程组同解或公共解的求解；
线性方程组,ch11,第二节 线性方程组的解的判定,,线性方程组解的空间维数计算
线性方程组,ch11,第三节 线性方程组的应用,含参数线性方程组的求解；,
线性方程组,ch11,第三节 线性方程组的应用,线性方程组解的几何意义（数一重点）,
线性方程组,ch11,第三节 线性方程组的应用,,含参数线性方程组的求解；
线性方程组,ch11,第三节 线性方程组的应用,,线性方程组解的几何意义应用；
线性方程组,ch11,第三节 线性方程组的应用,,含参数线性方程组解的情况分类讨论；
线性方程组,ch11,第三节 线性方程组的应用,,利用线性方程组求解向量线性表示问题；
线性方程组,ch11,第三节 线性方程组的应用,,线性方程组在几何中的应用（如求平面交点、直线位置关系）；
线性方程组,ch11,第三节 线性方程组的应用,,线性方程组解的应用证明题
矩阵的特征值和特征向量,ch12,第一节 特征值与特征向量的概念与性质,特征值与特征向量的概念；,
矩阵的特征值和特征向量,ch12,第一节 特征值与特征向量的概念与性质,特征值与特征向量的性质；,
矩阵的特征值和特征向量,ch12,第一节 特征值与特征向量的概念与性质,特征方程与特征多项式,
矩阵的特征值和特征向量,ch12,第一节 特征值与特征向量的概念与性质,,矩阵特征值与特征向量的求解；
矩阵的特征值和特征向量,ch12,第一节 特征值与特征向量的概念与性质,,特征值与特征向量性质的应用；
矩阵的特征值和特征向量,ch12,第一节 特征值与特征向量的概念与性质,,特征方程与特征多项式的求解；
矩阵的特征值和特征向量,ch12,第一节 特征值与特征向量的概念与性质,,含参数矩阵的特征值与特征向量求解；
矩阵的特征值和特征向量,ch12,第一节 特征值与特征向量的概念与性质,,抽象矩阵的特征值与特征向量求解；
矩阵的特征值和特征向量,ch12,第一节 特征值与特征向量的概念与性质,,特征值与矩阵秩的关系应用；
矩阵的特征值和特征向量,ch12,第一节 特征值与特征向量的概念与性质,,特征向量的线性无关性证明；
矩阵的特征值和特征向量,ch12,第一节 特征值与特征向量的概念与性质,,利用特征值判断矩阵可逆性
矩阵的特征值和特征向量,ch12,第二节 相似矩阵与矩阵的对角化,相似矩阵的概念与性质；,
矩阵的特征值和特征向量,ch12,第二节 相似矩阵与矩阵的对角化,矩阵可对角化的充要条件；,
矩阵的特征值和特征向量,ch12,第二节 相似矩阵与矩阵的对角化,实对称矩阵的特征值与特征向量的性质；,
矩阵的特征值和特征向量,ch12,第二节 相似矩阵与矩阵的对角化,实对称矩阵的对角化,
矩阵的特征值和特征向量,ch12,第二节 相似矩阵与矩阵的对角化,,相似矩阵的判断与性质应用；
矩阵的特征值和特征向量,ch12,第二节 相似矩阵与矩阵的对角化,,矩阵可对角化的判断与对角化过程；
矩阵的特征值和特征向量,ch12,第二节 相似矩阵与矩阵的对角化,,实对称矩阵的对角化；
矩阵的特征值和特征向量,ch12,第二节 相似矩阵与矩阵的对角化,,利用相似矩阵求方阵的幂；
矩阵的特征值和特征向量,ch12,第二节 相似矩阵与矩阵的对角化,,含参数矩阵的可对角化判断；
矩阵的特征值和特征向量,ch12,第二节 相似矩阵与矩阵的对角化,,相似矩阵与特征值的关系应用；
矩阵的特征值和特征向量,ch12,第二节 相似矩阵与矩阵的对角化,,实对称矩阵特征向量的正交性应用；
矩阵的特征值和特征向量,ch12,第二节 相似矩阵与矩阵的对角化,,矩阵对角化的应用（如求解线性微分方程组）；
矩阵的特征值和特征向量,ch12,第二节 相似矩阵与矩阵的对角化,,相似变换矩阵的求解
二次型,ch13,第一节 二次型的概念与标准形,二次型的概念；,
二次型,ch13,第一节 二次型的概念与标准形,二次型的矩阵表示；,
二次型,ch13,第一节 二次型的概念与标准形,合同矩阵的概念；,
二次型,ch13,第一节 二次型的概念与标准形,二次型的标准形与规范形；,
二次型,ch13,第一节 二次型的概念与标准形,化二次型为标准形的方法（配方法、正交变换法）,
二次型,ch13,第一节 二次型的概念与标准形,,二次型的矩阵表示；
二次型,ch13,第一节 二次型的概念与标准形,,合同矩阵的判断；
二次型,ch13,第一节 二次型的概念与标准形,,配方法化二次型为标准形；
二次型,ch13,第一节 二次型的概念与标准形,,正交变换法化二次型为标准形；
二次型,ch13,第一节 二次型的概念与标准形,,含参数二次型的标准形求解；
二次型,ch13,第一节 二次型的概念与标准形,,二次型的秩与标准形的关系应用；
二次型,ch13,第一节 二次型的概念与标准形,,合同变换矩阵的求解；
二次型,ch13,第一节 二次型的概念与标准形,,二次型的规范形求解；
二次型,ch13,第一节 二次型的概念与标准形,,正交变换法化二次型的综合应用（含几何意义）
二次型,ch13,第二节 正定二次型,正定二次型的概念；,
二次型,ch13,第二节 正定二次型,正定二次型的判定定理；,
二次型,ch13,第二节 正定二次型,正定矩阵的概念与判定,
二次型,ch13,第二节 正定二次型,,正定二次型的判定；
二次型,ch13,第二节 正定二次型,,正定矩阵的判定与性质应用；
二次型,ch13,第二节 正定二次型,,含参数二次型的正定性判断；
二次型,ch13,第二节 正定二次型,,正定矩阵的证明题；
二次型,ch13,第二节 正定二次型,,利用正定性证明不等式；
二次型,ch13,第二节 正定二次型,,正定二次型与实对称矩阵对角化的关系应用；
二次型,ch13,第二节 正定二次型,,二次型正定性的必要条件应用
随机事件和概率,ch14,第一节 随机事件及其运算,随机试验、样本空间、随机事件；,
随机事件和概率,ch14,第一节 随机事件及其运算,事件间的关系与运算；,
随机事件和概率,ch14,第一节 随机事件及其运算,事件的运算律,
随机事件和概率,ch14,第一节 随机事件及其运算,,事件间关系的判断与运算；
随机事件和概率,ch14,第一节 随机事件及其运算,,利用事件运算律化简事件表达式；
随机事件和概率,ch14,第一节 随机事件及其运算,,事件的互斥、对立关系应用；
随机事件和概率,ch14,第一节 随机事件及其运算,,复杂事件的表达式构造；
随机事件和概率,ch14,第一节 随机事件及其运算,,事件运算律的证明题
随机事件和概率,ch14,第二节 概率的定义与性质,概率的公理化定义；,
随机事件和概率,ch14,第二节 概率的定义与性质,概率的基本性质；,
随机事件和概率,ch14,第二节 概率的定义与性质,古典概型与几何概型；,
随机事件和概率,ch14,第二节 概率的定义与性质,条件概率；,
随机事件和概率,ch14,第二节 概率的定义与性质,乘法公式、加法公式、全概率公式、贝叶斯公式,
随机事件和概率,ch14,第二节 概率的定义与性质,,古典概型概率计算；
随机事件和概率,ch14,第二节 概率的定义与性质,,几何概型概率计算；
随机事件和概率,ch14,第二节 概率的定义与性质,,条件概率的计算；
随机事件和概率,ch14,第二节 概率的定义与性质,,加法公式、乘法公式的应用；
随机事件和概率,ch14,第二节 概率的定义与性质,,全概率公式与贝叶斯公式的应用；
随机事件和概率,ch14,第二节 概率的定义与性质,,古典概型中的排列组合综合应用；
随机事件和概率,ch14,第二节 概率的定义与性质,,几何概型中多维空间的概率计算；
随机事件和概率,ch14,第二节 概率的定义与性质,,全概率公式的多阶段问题应用；
随机事件和概率,ch14,第二节 概率的定义与性质,,贝叶斯公式在决策问题中的应用；
随机事件和概率,ch14,第二节 概率的定义与性质,,概率的不等式应用（如单调性、有界性）
随机事件和概率,ch14,第三节 事件的独立性,事件独立性的概念；,
随机事件和概率,ch14,第三节 事件的独立性,独立事件的性质；,
随机事件和概率,ch14,第三节 事件的独立性,伯努利概型,
随机事件和概率,ch14,第三节 事件的独立性,,事件独立性的判断；
随机事件和概率,ch14,第三节 事件的独立性,,独立事件概率的计算；
随机事件和概率,ch14,第三节 事件的独立性,,伯努利概型的概率计算；
随机事件和概率,ch14,第三节 事件的独立性,,多个事件独立性的判断；
随机事件和概率,ch14,第三节 事件的独立性,,独立重复试验的综合问题；
随机事件和概率,ch14,第三节 事件的独立性,,伯努利概型中最可能成功次数的求解；
随机事件和概率,ch14,第三节 事件的独立性,,独立性与互斥性的关系辨析
随机变量及其分布,ch15,第一节 随机变量的概念与分布函数,随机变量的概念；,
随机变量及其分布,ch15,第一节 随机变量的概念与分布函数,分布函数的概念与性质；,
随机变量及其分布,ch15,第一节 随机变量的概念与分布函数,分布函数的计算,
随机变量及其分布,ch15,第一节 随机变量的概念与分布函数,,分布函数的性质应用；
随机变量及其分布,ch15,第一节 随机变量的概念与分布函数,,利用分布函数求概率；
随机变量及其分布,ch15,第一节 随机变量的概念与分布函数,,分布函数的判定（验证是否满足性质）；
随机变量及其分布,ch15,第一节 随机变量的概念与分布函数,,含参数分布函数的求解与讨论；
随机变量及其分布,ch15,第一节 随机变量的概念与分布函数,,分布函数与随机变量类型的关系判断
随机变量及其分布,ch15,第二节 离散型随机变量,离散型随机变量的分布律；,
随机变量及其分布,ch15,第二节 离散型随机变量,常见离散型分布（0-1分布、二项分布、泊松分布、几何分布、超几何分布）；,
随机变量及其分布,ch15,第二节 离散型随机变量,分布律与分布函数的关系,
随机变量及其分布,ch15,第二节 离散型随机变量,,离散型随机变量分布律的求解与验证；
随机变量及其分布,ch15,第二节 离散型随机变量,,常见离散型分布的概率计算；
随机变量及其分布,ch15,第二节 离散型随机变量,,由分布律求分布函数；
随机变量及其分布,ch15,第二节 离散型随机变量,,含参数离散型随机变量的分布律求解；
随机变量及其分布,ch15,第二节 离散型随机变量,,离散型随机变量函数的分布求解；
随机变量及其分布,ch15,第二节 离散型随机变量,,常见离散型分布的应用问题（如二项分布的次数计算）；
随机变量及其分布,ch15,第二节 离散型随机变量,,离散型随机变量的期望与方差结合计算
随机变量及其分布,ch15,第三节 连续型随机变量,连续型随机变量的概率密度；,
随机变量及其分布,ch15,第三节 连续型随机变量,概率密度与分布函数的关系；,
随机变量及其分布,ch15,第三节 连续型随机变量,常见连续型分布（均匀分布、指数分布、正态分布）；,
随机变量及其分布,ch15,第三节 连续型随机变量,随机变量函数的分布,
随机变量及其分布,ch15,第三节 连续型随机变量,,连续型随机变量概率密度的性质应用；
随机变量及其分布,ch15,第三节 连续型随机变量,,常见连续型分布的概率计算；
随机变量及其分布,ch15,第三节 连续型随机变量,,由概率密度求分布函数；
随机变量及其分布,ch15,第三节 连续型随机变量,,随机变量函数的分布；
随机变量及其分布,ch15,第三节 连续型随机变量,,含参数连续型随机变量的概率密度求解；
随机变量及其分布,ch15,第三节 连续型随机变量,,连续型随机变量的期望与方差结合计算；
随机变量及其分布,ch15,第三节 连续型随机变量,,常见连续型分布的性质应用（如正态分布的对称性）；
随机变量及其分布,ch15,第三节 连续型随机变量,,连续型随机变量的分位数计算；
随机变量及其分布,ch15,第三节 连续型随机变量,,随机变量函数分布的综合问题（如分段函数）
多维随机变量及其分布,ch16,第一节 二维随机变量的联合分布,二维随机变量的概念；,
多维随机变量及其分布,ch16,第一节 二维随机变量的联合分布,联合分布函数；,
多维随机变量及其分布,ch16,第一节 二维随机变量的联合分布,二维离散型随机变量的联合分布律；,
多维随机变量及其分布,ch16,第一节 二维随机变量的联合分布,二维连续型随机变量的联合概率密度；,
多维随机变量及其分布,ch16,第一节 二维随机变量的联合分布,二维随机变量的概念；,
多维随机变量及其分布,ch16,第一节 二维随机变量的联合分布,联合分布函数；,
多维随机变量及其分布,ch16,第一节 二维随机变量的联合分布,二维离散型随机变量的联合分布律；,
多维随机变量及其分布,ch16,第一节 二维随机变量的联合分布,二维连续型随机变量的联合概率密度；,
多维随机变量及其分布,ch16,第一节 二维随机变量的联合分布,边缘分布与条件分布；,
多维随机变量及其分布,ch16,第一节 二维随机变量的联合分布,二维均匀分布、二维正态分布的性质,
多维随机变量及其分布,ch16,第一节 二维随机变量的联合分布,,二维离散型随机变量联合分布律、边缘分布律的求解；
多维随机变量及其分布,ch16,第一节 二维随机变量的联合分布,,二维连续型随机变量联合概率密度、边缘概率密度的求解；
多维随机变量及其分布,ch16,第一节 二维随机变量的联合分布,,条件分布的计算（离散型、连续型）；
多维随机变量及其分布,ch16,第一节 二维随机变量的联合分布,,联合分布函数的应用；
多维随机变量及其分布,ch16,第一节 二维随机变量的联合分布,,含参数二维随机变量的联合分布求解；
多维随机变量及其分布,ch16,第一节 二维随机变量的联合分布,,二维随机变量的联合分布与边缘分布的关系应用；
多维随机变量及其分布,ch16,第一节 二维随机变量的联合分布,,二维连续型随机变量的联合分布函数与概率密度的转化；
多维随机变量及其分布,ch16,第一节 二维随机变量的联合分布,,条件概率密度的性质应用；
多维随机变量及其分布,ch16,第一节 二维随机变量的联合分布,,二维随机变量在特定区域内的概率计算；
多维随机变量及其分布,ch16,第一节 二维随机变量的联合分布,,二维均匀分布、二维正态分布的概率计算与性质应用
多维随机变量及其分布,ch16,第二节 随机变量的独立性,二维随机变量独立性的概念；,
多维随机变量及其分布,ch16,第二节 随机变量的独立性,独立性的判定条件（离散型、连续型）；,
多维随机变量及其分布,ch16,第二节 随机变量的独立性,独立随机变量的性质,
多维随机变量及其分布,ch16,第二节 随机变量的独立性,,二维随机变量独立性的判断；
多维随机变量及其分布,ch16,第二节 随机变量的独立性,,利用独立性计算概率；
多维随机变量及其分布,ch16,第二节 随机变量的独立性,,独立随机变量的性质应用；
多维随机变量及其分布,ch16,第二节 随机变量的独立性,,含参数二维随机变量的独立性判断；
多维随机变量及其分布,ch16,第二节 随机变量的独立性,,多个独立随机变量的联合分布求解；
多维随机变量及其分布,ch16,第二节 随机变量的独立性,,独立性与分布函数、概率密度的关系应用；
多维随机变量及其分布,ch16,第二节 随机变量的独立性,,独立随机变量函数的分布求解
多维随机变量及其分布,ch16,第三节 二维随机变量函数的分布,二维离散型随机变量函数的分布；,
多维随机变量及其分布,ch16,第三节 二维随机变量函数的分布,二维连续型随机变量函数的分布（和、差、积、商分布，卷积公式）,
多维随机变量及其分布,ch16,第三节 二维随机变量函数的分布,,二维离散型随机变量函数的分布求解；
多维随机变量及其分布,ch16,第三节 二维随机变量函数的分布,,二维连续型随机变量和分布的计算（卷积公式应用）；
多维随机变量及其分布,ch16,第三节 二维随机变量函数的分布,,二维随机变量其他函数（积、商）分布的计算；
多维随机变量及其分布,ch16,第三节 二维随机变量函数的分布,,二维随机变量最大值、最小值分布的求解；
多维随机变量及其分布,ch16,第三节 二维随机变量函数的分布,,含参数二维随机变量函数的分布求解；
多维随机变量及其分布,ch16,第三节 二维随机变量函数的分布,,独立二维随机变量函数的分布求解；
多维随机变量及其分布,ch16,第三节 二维随机变量函数的分布,,二维随机变量函数分布的综合应用（如概率计算）
随机变量的数字特征,ch17,第一节 数学期望,数学期望的概念；,
随机变量的数字特征,ch17,第一节 数学期望,数学期望的性质；,
随机变量的数字特征,ch17,第一节 数学期望,随机变量函数的数学期望；,
随机变量的数字特征,ch17,第一节 数学期望,常见分布的数学期望,
随机变量的数字特征,ch17,第一节 数学期望,,数学期望的计算（离散型、连续型）；
随机变量的数字特征,ch17,第一节 数学期望,,数学期望性质的应用；
随机变量的数字特征,ch17,第一节 数学期望,,随机变量函数的数学期望计算；
随机变量的数字特征,ch17,第一节 数学期望,,常见分布数学期望的应用；
随机变量的数字特征,ch17,第一节 数学期望,,二维随机变量的数学期望计算；
随机变量的数字特征,ch17,第一节 数学期望,,数学期望的不等式应用（如柯西-施瓦茨不等式）；
随机变量的数字特征,ch17,第一节 数学期望,,含参数随机变量的数学期望求解；
随机变量的数字特征,ch17,第一节 数学期望,,数学期望在实际问题中的应用（如收益期望）
随机变量的数字特征,ch17,第二节 方差与协方差,方差的概念与性质；,
随机变量的数字特征,ch17,第二节 方差与协方差,标准差；,
随机变量的数字特征,ch17,第二节 方差与协方差,协方差的概念与性质；,
随机变量的数字特征,ch17,第二节 方差与协方差,相关系数的概念与性质；,
随机变量的数字特征,ch17,第二节 方差与协方差,常见分布的方差；,
随机变量的数字特征,ch17,第二节 方差与协方差,矩、协方差矩阵,
随机变量的数字特征,ch17,第二节 方差与协方差,,方差的计算；
随机变量的数字特征,ch17,第二节 方差与协方差,,协方差与相关系数的计算；
随机变量的数字特征,ch17,第二节 方差与协方差,,相关系数的性质应用；
随机变量的数字特征,ch17,第二节 方差与协方差,,常见分布方差的应用；
随机变量的数字特征,ch17,第二节 方差与协方差,,二维随机变量的方差、协方差计算；
随机变量的数字特征,ch17,第二节 方差与协方差,,方差的性质综合应用（如独立变量方差可加性）；
随机变量的数字特征,ch17,第二节 方差与协方差,,相关系数与独立性的关系辨析；
随机变量的数字特征,ch17,第二节 方差与协方差,,含参数随机变量的方差、协方差求解；
随机变量的数字特征,ch17,第二节 方差与协方差,,协方差矩阵的计算与应用；
随机变量的数字特征,ch17,第二节 方差与协方差,,原点矩与中心矩的计算；
随机变量的数字特征,ch17,第二节 方差与协方差,,利用方差进行风险评估的应用问题
随机变量的数字特征,ch17,第二节 方差与协方差,,利用方差进行风险评估的应用问题
大数定律和中心极限定理,ch18,第一节 大数定律,切比雪夫不等式；,
大数定律和中心极限定理,ch18,第一节 大数定律,切比雪夫大数定律；,
大数定律和中心极限定理,ch18,第一节 大数定律,伯努利大数定律；,
大数定律和中心极限定理,ch18,第一节 大数定律,辛钦大数定律,
大数定律和中心极限定理,ch18,第一节 大数定律,,切比雪夫不等式的应用；
大数定律和中心极限定理,ch18,第一节 大数定律,,大数定律的理解与应用；
大数定律和中心极限定理,ch18,第一节 大数定律,,利用切比雪夫不等式估计概率；
大数定律和中心极限定理,ch18,第一节 大数定律,,大数定律在实际问题中的应用（如频率估计概率）；
大数定律和中心极限定理,ch18,第一节 大数定律,,切比雪夫大数定律的条件验证；
大数定律和中心极限定理,ch18,第一节 大数定律,,辛钦大数定律的应用（如样本均值估计期望）
大数定律和中心极限定理,ch18,第二节 中心极限定理,列维-林德伯格（Levy-Lindberg）中心极限定理（独立同分布中心极限定理）；,
大数定律和中心极限定理,ch18,第二节 中心极限定理,棣莫弗-拉普拉斯（De Moivre-Laplace）中心极限定理（二项分布以正态分布为极限分布）,
大数定律和中心极限定理,ch18,第二节 中心极限定理,,利用列维-林德伯格中心极限定理近似计算概率；
大数定律和中心极限定理,ch18,第二节 中心极限定理,,利用棣莫弗-拉普拉斯中心极限定理近似计算二项分布的概率；
大数定律和中心极限定理,ch18,第二节 中心极限定理,,中心极限定理的适用条件判断；
大数定律和中心极限定理,ch18,第二节 中心极限定理,,中心极限定理在实际问题中的应用（如抽样估计）；
大数定律和中心极限定理,ch18,第二节 中心极限定理,,多个独立随机变量和的概率近似计算；
大数定律和中心极限定理,ch18,第二节 中心极限定理,,中心极限定理与大数定律的综合应用
数理统计的基本概念,ch19,第一节 总体、个体与样本,总体与个体的概念；,
数理统计的基本概念,ch19,第一节 总体、个体与样本,样本的概念与样本空间；,
数理统计的基本概念,ch19,第一节 总体、个体与样本,简单随机样本的性质；,
数理统计的基本概念,ch19,第一节 总体、个体与样本,样本观测值与样本函数,
数理统计的基本概念,ch19,第一节 总体、个体与样本,,简单随机样本的判定与性质应用；
数理统计的基本概念,ch19,第一节 总体、个体与样本,,样本函数的构造与计算；
数理统计的基本概念,ch19,第一节 总体、个体与样本,,样本空间的确定；
数理统计的基本概念,ch19,第一节 总体、个体与样本,,样本均值、样本方差的初步计算；
数理统计的基本概念,ch19,第一节 总体、个体与样本,,简单随机样本的独立性应用；
数理统计的基本概念,ch19,第一节 总体、个体与样本,,样本观测值的整理与应用
数理统计的基本概念,ch19,第二节 统计量及其分布,统计量的概念；,
数理统计的基本概念,ch19,第二节 统计量及其分布,常用统计量（样本均值、样本方差、样本标准差、样本矩）；,
数理统计的基本概念,ch19,第二节 统计量及其分布,三大抽样分布（χ²分布、t分布、F分布）的概念与性质；,
数理统计的基本概念,ch19,第二节 统计量及其分布,正态总体下的抽样分布定理；,
数理统计的基本概念,ch19,第二节 统计量及其分布,经验分布函数,
数理统计的基本概念,ch19,第二节 统计量及其分布,,统计量的判定；
数理统计的基本概念,ch19,第二节 统计量及其分布,,样本均值、样本方差等常用统计量的计算；
数理统计的基本概念,ch19,第二节 统计量及其分布,,三大抽样分布的判定与性质应用；
数理统计的基本概念,ch19,第二节 统计量及其分布,,正态总体下抽样分布定理的应用；
数理统计的基本概念,ch19,第二节 统计量及其分布,,统计量的分布求解；
数理统计的基本概念,ch19,第二节 统计量及其分布,,三大抽样分布的分位数计算与应用；
数理统计的基本概念,ch19,第二节 统计量及其分布,,经验分布函数的构造与性质应用
参数估计,ch20,第一节 点估计,点估计的概念；,
参数估计,ch20,第一节 点估计,矩估计法；,
参数估计,ch20,第一节 点估计,最大似然估计法；,
参数估计,ch20,第一节 点估计,估计量的评选标准（无偏性、有效性、一致性）,
参数估计,ch20,第一节 点估计,,矩估计法求解参数估计量；
参数估计,ch20,第一节 点估计,,最大似然估计法求解参数估计量；
参数估计,ch20,第一节 点估计,,估计量无偏性、有效性的判定；
参数估计,ch20,第一节 点估计,,估计量一致性的判断
参数估计,ch20,第二节 区间估计,区间估计的概念；,
参数估计,ch20,第二节 区间估计,置信区间与置信水平；,
参数估计,ch20,第二节 区间估计,正态总体参数的置信区间（均值、方差、均值差、方差比）；,
参数估计,ch20,第二节 区间估计,非正态总体参数的置信区间（大样本情形）；,
参数估计,ch20,第二节 区间估计,单侧置信区间的求解,
参数估计,ch20,第二节 区间估计,,正态总体均值的置信区间求解；
参数估计,ch20,第二节 区间估计,,正态总体方差的置信区间求解；
参数估计,ch20,第二节 区间估计,,正态总体均值差、方差比的置信区间求解；
参数估计,ch20,第二节 区间估计,,置信水平与置信区间长度的关系判断；
参数估计,ch20,第二节 区间估计,,单侧置信区间的求解与应用
假设检验,ch21,第一节 假设检验的基本概念,原假设与备择假设；,
假设检验,ch21,第一节 假设检验的基本概念,检验统计量；,
假设检验,ch21,第一节 假设检验的基本概念,拒绝域与临界点；,
假设检验,ch21,第一节 假设检验的基本概念,第一类错误与第二类错误；,
假设检验,ch21,第一节 假设检验的基本概念,显著性水平,
假设检验,ch21,第一节 假设检验的基本概念,,原假设与备择假设的设定；
假设检验,ch21,第一节 假设检验的基本概念,,第一类错误与第二类错误的理解与概率计算；
假设检验,ch21,第一节 假设检验的基本概念,,检验统计量的构造
假设检验,ch21,第二节 正态总体参数的假设检验,单个正态总体均值的假设检验（σ²已知、σ²未知）；,
假设检验,ch21,第二节 正态总体参数的假设检验,单个正态总体方差的假设检验；,
假设检验,ch21,第二节 正态总体参数的假设检验,两个正态总体均值差的假设检验；,
假设检验,ch21,第二节 正态总体参数的假设检验,两个正态总体方差比的假设检验；,
假设检验,ch21,第二节 正态总体参数的假设检验,基于t分布、F分布的单侧假设检验,
假设检验,ch21,第二节 正态总体参数的假设检验,,单个正态总体均值的假设检验；
假设检验,ch21,第二节 正态总体参数的假设检验,,单个正态总体方差的假设检验；
假设检验,ch21,第二节 正态总体参数的假设检验,,两个正态总体均值差、方差比的假设检验；
假设检验,ch21,第二节 正态总体参数的假设检验,,假设检验的拒绝域求解；
假设检验,ch21,第二节 正态总体参数的假设检验,,单侧假设检验的拒绝域构造与检验结论判断
